fold,avg_standardized_mean_diff,avg_std_ratio_deviation,avg_ks_statistic,max_ks_statistic,avg_normalized_wasserstein,mean_abs_corr_gap
1,0.023998806471427856,0.03168413881718599,0.06615384615384616,0.14065934065934066,0.10061456023086347,0.03147276186942348
2,0.02771767682326749,0.030424328895469435,0.062490842490842496,0.0989010989010989,0.09867601555689665,0.02717919794880017
3,0.020996606378462287,0.03367741955261387,0.06373626373626375,0.13406593406593406,0.09970702058160254,0.028857705616274106
4,0.04036715140263105,0.020461155059814704,0.06901098901098902,0.11648351648351649,0.10855592920972114,0.025851486477793686
5,0.024463792033067408,0.032908318768822366,0.059137426900584794,0.10087719298245613,0.09152827139356344,0.029086890367106672
