fold,exact_duplicate_rate,median_dcr_synthetic_to_train,median_dcr_test_to_train,mean_dcr_synthetic_to_train,mean_dcr_test_to_train,median_nndr_synthetic,share_synthetic_below_test_dcr_p01,share_synthetic_below_test_dcr_p05,test_dcr_p01,test_dcr_p05,membership_auc,membership_advantage,membership_best_balanced_accuracy,median_distance_train_to_synthetic,median_distance_test_to_synthetic,best_membership_threshold
1,0.0,2.3410643591910976,2.102970235179665,2.541597353482725,2.415895620501753,0.9332281487761589,0.002197802197802198,0.006593406593406593,1.0895425068535824,1.2482411515964893,0.5240408714092925,0.08473105841526885,0.5423655292076345,2.32684633461194,2.445639838766536,-2.6221147912796394
2,0.0,2.453838442893986,2.0707252048426366,2.538549132073994,2.5474098089321795,0.9290639259712672,0.017582417582417582,0.03736263736263736,1.241546069907505,1.332448647749556,0.49340659340659343,0.05203393098129938,0.5260169654906497,2.3735716705493046,2.2482064311079126,-2.8735979784096672
3,0.0,2.4021411167685507,2.1260836953459106,2.5547163014468586,2.3273356116641666,0.9375479974696085,0.004395604395604396,0.024175824175824177,1.1289266784484817,1.3369262610706103,0.5036244457297089,0.046886446886446886,0.5234432234432234,2.328324440638848,2.2835493943845266,-2.0771606603595205
4,0.0,2.4316945263540695,2.2275639567309278,2.560614651911656,2.5578776175471116,0.9247131878670166,0.02197802197802198,0.054945054945054944,1.2041808921994346,1.3799254602237685,0.5633314054366686,0.1087333718912667,0.5543666859456333,2.336335861784461,2.557517699933867,-2.517434896420836
5,0.0,2.437349360635105,2.2514400562621777,2.530809072533712,2.5303964702363295,0.9355799850907365,0.0,0.021929824561403508,1.043248668542466,1.3024364134487345,0.5390079180251515,0.1041375562800807,0.5520687781400404,2.3570161361536313,2.3768663625121422,-2.8204221937667473
