model,setting,accuracy,f1,roc_auc
Logistic Regression,TRTR,0.9824561403508771,0.9861111111111112,0.9953703703703703
Logistic Regression,TSTR,0.9736842105263158,0.9793103448275862,0.9927248677248677
Random Forest,TRTR,0.956140350877193,0.9655172413793104,0.9937169312169313
Random Forest,TSTR,0.9385964912280702,0.951048951048951,0.9904100529100529
