model,setting,accuracy,f1,roc_auc
Logistic Regression,TRTR,0.9824561403508771,0.9861111111111112,0.9953703703703703
Logistic Regression,TSTR,0.9122807017543859,0.927536231884058,0.9910714285714286
Random Forest,TRTR,0.956140350877193,0.9655172413793104,0.9937169312169313
Random Forest,TSTR,0.9122807017543859,0.9285714285714286,0.986111111111111
